<?xml version="1.0" encoding="UTF-8"?>
<project-private xmlns="http://www.netbeans.org/ns/project-private/1">
    <editor-bookmarks xmlns="http://www.netbeans.org/ns/editor-bookmarks/2" lastBookmarkId="0"/>
    <open-files xmlns="http://www.netbeans.org/ns/projectui-open-files/2">
        <group>
            <file>file:/home/jeff/Escritorio/master/Lenguaje/clasearrayobjectNoc/src/clasearrayobjectnoc/ClasearrayobjectNoc.java</file>
            <file>file:/home/jeff/Escritorio/master/Lenguaje/clasearrayobjectNoc/src/Model/Book.java</file>
            <file>file:/home/jeff/Escritorio/master/Lenguaje/clasearrayobjectNoc/src/Controllers/ControllerBook.java</file>
            <file>file:/home/jeff/Escritorio/master/Lenguaje/clasearrayobjectNoc/src/View/Window.java</file>
        </group>
    </open-files>
</project-private>
